lp,Data,Pora roku,Kwartał,Miesiąc,Tydzień,Dzień tygodnia,Dzień miesiąca,Pora zaśnięcia,Godzina zaśnięcia,Minuty zaśnięcia,Pora wybudzenia,Godzina wybudzenia,Minuty wybudzenia,Różnica,h różnica,min różnica,Różnica (minuty),Liczba wybudzeń,Liczba drzemek,Drzemki (minuty),Długość snu ogółem (podstawa + drzemki),DS ogółem (h),DS ogółem (minuty),DS ogółem (łącznie w min),minuty w łóżku gdy nie spałem,czy zasnąłem po północy?
1,2024-01-01,1,1,1,1,2,1,06:14,6,14,11:31,11,31,05:17,5,17,317,1,0,0,04:11:00,4,11,251,66,TRUE
2,2024-01-02,1,1,1,1,3,2,23:17,23,17,07:57,7,57,08:40,8,40,520,6,0,0,08:20:00,8,20,500,20,FALSE
3,2024-01-03,1,1,1,1,4,3,23:49,23,49,09:24,9,24,09:35,9,35,575,7,0,0,09:14:00,9,14,554,21,FALSE
4,2024-01-04,1,1,1,1,5,4,00:45,0,45,09:48,9,48,09:03,9,3,543,8,0,0,08:42:00,8,42,522,21,TRUE
5,2024-01-05,1,1,1,1,6,5,00:33,0,33,06:06,6,6,05:33,5,33,333,1,0,0,05:30:00,5,30,330,3,TRUE
6,2024-01-06,1,1,1,1,7,6,23:39,23,39,07:03,7,3,07:24,7,24,444,2,0,0,07:02:00,7,2,422,22,FALSE
7,2024-01-07,1,1,1,2,1,7,23:54,23,54,08:47,8,47,08:53,8,53,533,5,0,0,08:31:00,8,31,511,22,FALSE
8,2024-01-08,1,1,1,2,2,8,23:14,23,14,08:26,8,26,09:12,9,12,552,5,0,0,08:05:00,8,5,485,67,FALSE
9,2024-01-09,1,1,1,2,3,9,NA,NA,NA,NA,NA,NA,NA,NA,NA,NA,NA,NA,NA,NA,NA,NA,NA,NA,NA
10,2024-01-10,1,1,1,2,4,10,00:14,0,14,07:19,7,19,07:05,7,5,425,3,0,0,06:54:00,6,54,414,11,TRUE
11,2024-01-11,1,1,1,2,5,11,NA,NA,NA,NA,NA,NA,NA,NA,NA,NA,NA,NA,NA,NA,NA,NA,NA,NA,NA
12,2024-01-12,1,1,1,2,6,12,NA,NA,NA,NA,NA,NA,NA,NA,NA,NA,NA,NA,NA,NA,NA,NA,NA,NA,NA
13,2024-01-13,1,1,1,2,7,13,01:19,1,19,09:27,9,27,08:08,8,8,488,5,0,0,07:51:00,7,51,471,17,TRUE
14,2024-01-14,1,1,1,3,1,14,00:32,0,32,09:27,9,27,08:55,8,55,535,2,0,0,08:03:00,8,3,483,52,TRUE
15,2024-01-15,1,1,1,3,2,15,00:34,0,34,08:33,8,33,07:59,7,59,479,4,0,0,07:42:00,7,42,462,17,TRUE
16,2024-01-16,1,1,1,3,3,16,03:02,3,2,08:49,8,49,05:47,5,47,347,3,0,0,05:33:00,5,33,333,14,TRUE
17,2024-01-17,1,1,1,3,4,17,23:09,23,9,06:50,6,50,07:41,7,41,461,4,0,0,07:31:00,7,31,451,10,FALSE
18,2024-01-18,1,1,1,3,5,18,NA,NA,NA,NA,NA,NA,NA,NA,NA,NA,NA,NA,NA,NA,NA,NA,NA,NA,NA
19,2024-01-19,1,1,1,3,6,19,01:35,1,35,07:37,7,37,06:02,6,2,362,2,0,0,05:56:00,5,56,356,6,TRUE
20,2024-01-20,1,1,1,3,7,20,01:28,1,28,08:51,8,51,07:23,7,23,443,4,0,0,07:03:00,7,3,423,20,TRUE
21,2024-01-21,1,1,1,4,1,21,00:08,0,8,09:56,9,56,09:48,9,48,588,0,0,0,09:48:00,9,48,588,0,TRUE
22,2024-01-22,1,1,1,4,2,22,23:20,23,20,07:50,7,50,08:30,8,30,510,2,0,0,08:09:00,8,9,489,21,FALSE
23,2024-01-23,1,1,1,4,3,23,00:28,0,28,08:19,8,19,07:51,7,51,471,6,0,0,07:35:00,7,35,455,16,TRUE
24,2024-01-24,1,1,1,4,4,24,23:24,23,24,06:50,6,50,07:26,7,26,446,2,0,0,07:20:00,7,20,440,6,FALSE
25,2024-01-25,1,1,1,4,5,25,23:13,23,13,05:37,5,37,06:24,6,24,384,3,0,0,06:17:00,6,17,377,7,FALSE
26,2024-01-26,1,1,1,4,6,26,00:51,0,51,08:00,8,0,07:09,7,9,429,1,0,0,05:40:00,5,40,340,89,TRUE
27,2024-01-27,1,1,1,4,7,27,23:28,23,28,08:21,8,21,08:53,8,53,533,3,0,0,08:41:00,8,41,521,12,FALSE
28,2024-01-28,1,1,1,5,1,28,01:40,1,40,07:49,7,49,06:09,6,9,369,1,0,0,06:07:00,6,7,367,2,TRUE
29,2024-01-29,1,1,1,5,2,29,00:32,0,32,07:40,7,40,07:08,7,8,428,0,0,0,07:08:00,7,8,428,0,TRUE
30,2024-01-30,1,1,1,5,3,30,23:59,23,59,08:43,8,43,08:44,8,44,524,2,0,0,07:03:00,7,3,423,101,FALSE
31,2024-01-31,1,1,1,5,4,31,00:13,0,13,08:38,8,38,08:25,8,25,505,4,0,0,08:12:00,8,12,492,13,TRUE
32,2024-02-01,1,1,2,5,5,1,00:21,0,21,07:38,7,38,07:17,7,17,437,4,0,0,07:04:00,7,4,424,13,TRUE
33,2024-02-02,1,1,2,5,6,2,23:28,23,28,07:45,7,45,08:17,8,17,497,1,0,0,08:13:00,8,13,493,4,FALSE
34,2024-02-03,1,1,2,5,7,3,00:50,0,50,08:28,8,28,07:38,7,38,458,3,0,0,07:31:00,7,31,451,7,TRUE
35,2024-02-04,1,1,2,6,1,4,01:13,1,13,09:06,9,6,07:53,7,53,473,2,0,0,07:48:00,7,48,468,5,TRUE
36,2024-02-05,1,1,2,6,2,5,NA,NA,NA,NA,NA,NA,NA,NA,NA,NA,NA,NA,NA,NA,NA,NA,NA,NA,NA
37,2024-02-06,1,1,2,6,3,6,23:37,23,37,06:28,6,28,06:51,6,51,411,2,0,0,06:47:00,6,47,407,4,FALSE
38,2024-02-07,1,1,2,6,4,7,01:23,1,23,06:53,6,53,05:30,5,30,330,2,0,0,05:25:00,5,25,325,5,TRUE
39,2024-02-08,1,1,2,6,5,8,23:56,23,56,08:09,8,9,08:13,8,13,493,5,0,0,07:59:00,7,59,479,14,FALSE
40,2024-02-09,1,1,2,6,6,9,NA,NA,NA,NA,NA,NA,NA,NA,NA,NA,NA,NA,NA,NA,NA,NA,NA,NA,NA
41,2024-02-10,1,1,2,6,7,10,23:57,23,57,09:56,9,56,09:59,9,59,599,5,0,0,09:49:00,9,49,589,10,FALSE
42,2024-02-11,1,1,2,7,1,11,23:41,23,41,09:37,9,37,09:56,9,56,596,6,0,0,09:21:00,9,21,561,35,FALSE
43,2024-02-12,1,1,2,7,2,12,NA,NA,NA,NA,NA,NA,NA,NA,NA,NA,NA,NA,NA,NA,NA,NA,NA,NA,NA
44,2024-02-13,1,1,2,7,3,13,22:29,22,29,08:41,8,41,10:12,10,12,612,7,0,0,08:56:00,8,56,536,76,FALSE
45,2024-02-14,1,1,2,7,4,14,23:00,23,0,08:57,8,57,09:57,9,57,597,7,0,0,08:50:00,8,50,530,67,FALSE
46,2024-02-15,1,1,2,7,5,15,00:16,0,16,09:54,9,54,09:38,9,38,578,7,0,0,08:23:00,8,23,503,75,TRUE
47,2024-02-16,1,1,2,7,6,16,23:37,23,37,09:31,9,31,09:54,9,54,594,6,0,0,07:19:00,7,19,439,155,FALSE
48,2024-02-17,1,1,2,7,7,17,00:29,0,29,08:32,8,32,08:03,8,3,483,3,0,0,07:56:00,7,56,476,7,TRUE
49,2024-02-18,1,1,2,8,1,18,02:00,2,0,10:20,10,20,08:20,8,20,500,7,0,0,07:42:00,7,42,462,38,TRUE
50,2024-02-19,1,1,2,8,2,19,00:41,0,41,09:46,9,46,09:05,9,5,545,6,0,0,07:22:00,7,22,442,103,TRUE
51,2024-02-20,1,1,2,8,3,20,23:15,23,15,06:06,6,6,06:51,6,51,411,4,1,28,07:03:00,7,3,423,16,FALSE
52,2024-02-21,1,1,2,8,4,21,23:28,23,28,08:02,8,2,08:34,8,34,514,2,0,0,08:23:00,8,23,503,11,FALSE
53,2024-02-22,1,1,2,8,5,22,01:00,1,0,08:19,8,19,07:19,7,19,439,2,0,0,06:02:00,6,2,362,77,TRUE
54,2024-02-23,1,1,2,8,6,23,23:25,23,25,07:43,7,43,08:18,8,18,498,3,0,0,07:59:00,7,59,479,19,FALSE
55,2024-02-24,1,1,2,8,7,24,23:28,23,28,08:43,8,43,09:15,9,15,555,4,0,0,07:44:00,7,44,464,91,FALSE
56,2024-02-25,1,1,2,9,1,25,NA,NA,NA,NA,NA,NA,NA,NA,NA,NA,NA,NA,NA,NA,NA,NA,NA,NA,NA
57,2024-02-26,1,1,2,9,2,26,23:42,23,42,08:05,8,5,08:23,8,23,503,3,0,0,08:01:00,8,1,481,22,FALSE
58,2024-02-27,1,1,2,9,3,27,23:33,23,33,07:28,7,28,07:55,7,55,475,5,0,0,07:43:00,7,43,463,12,FALSE
59,2024-02-28,1,1,2,9,4,28,23:23,23,23,07:01,7,1,07:38,7,38,458,2,1,35,07:43:00,7,43,463,30,FALSE
60,2024-02-29,1,1,2,9,5,29,NA,NA,NA,NA,NA,NA,NA,NA,NA,NA,NA,NA,NA,NA,NA,NA,NA,NA,NA
61,2024-03-01,2,1,3,9,6,1,23:58,23,58,06:13,6,13,06:15,6,15,375,2,0,0,06:11:00,6,11,371,4,FALSE
62,2024-03-02,2,1,3,9,7,2,NA,NA,NA,NA,NA,NA,NA,NA,NA,NA,NA,NA,NA,NA,NA,NA,NA,NA,NA
63,2024-03-03,2,1,3,10,1,3,00:29,0,29,07:20,7,20,06:51,6,51,411,3,1,44,07:27:00,7,27,447,8,TRUE
64,2024-03-04,2,1,3,10,2,4,22:40,22,40,05:40,5,40,07:00,7,0,420,2,0,0,06:56:00,6,56,416,4,FALSE
65,2024-03-05,2,1,3,10,3,5,23:21,23,21,07:35,7,35,08:14,8,14,494,4,0,0,08:01:00,8,1,481,13,FALSE
66,2024-03-06,2,1,3,10,4,6,00:00,0,0,05:11,5,11,05:11,5,11,311,2,0,0,05:06:00,5,6,306,5,TRUE
67,2024-03-07,2,1,3,10,5,7,00:47,0,47,07:00,7,0,06:13,6,13,373,3,0,0,05:38:00,5,38,338,35,TRUE
68,2024-03-08,2,1,3,10,6,8,22:55,22,55,05:33,5,33,06:38,6,38,398,2,0,0,06:31:00,6,31,391,7,FALSE
69,2024-03-09,2,1,3,10,7,9,00:33,0,33,07:18,7,18,06:45,6,45,405,3,0,0,06:36:00,6,36,396,9,TRUE
70,2024-03-10,2,1,3,11,1,10,01:21,1,21,07:32,7,32,06:11,6,11,371,3,0,0,05:44:00,5,44,344,27,TRUE
71,2024-03-11,2,1,3,11,2,11,23:28,23,28,06:21,6,21,06:53,6,53,413,4,0,0,06:16:00,6,16,376,37,FALSE
72,2024-03-12,2,1,3,11,3,12,23:45,23,45,07:13,7,13,07:28,7,28,448,3,0,0,07:07:00,7,7,427,21,FALSE
73,2024-03-13,2,1,3,11,4,13,00:41,0,41,08:04,8,4,07:23,7,23,443,4,0,0,05:52:00,5,52,352,91,TRUE
74,2024-03-14,2,1,3,11,5,14,NA,NA,NA,NA,NA,NA,NA,NA,NA,NA,NA,NA,NA,NA,NA,NA,NA,NA,NA
75,2024-03-15,2,1,3,11,6,15,23:09,23,9,07:42,7,42,08:33,8,33,513,6,0,0,07:51:00,7,51,471,42,FALSE
76,2024-03-16,2,1,3,11,7,16,02:45,2,45,08:02,8,2,05:17,5,17,317,2,0,0,05:15:00,5,15,315,2,TRUE
77,2024-03-17,2,1,3,12,1,17,00:08,0,8,08:42,8,42,08:34,8,34,514,2,0,0,08:32:00,8,32,512,2,TRUE
78,2024-03-18,2,1,3,12,2,18,00:27,0,27,08:19,8,19,07:52,7,52,472,2,0,0,07:46:00,7,46,466,6,TRUE
79,2024-03-19,2,1,3,12,3,19,00:20,0,20,07:29,7,29,07:09,7,9,429,2,0,0,06:52:00,6,52,412,17,TRUE
80,2024-03-20,2,1,3,12,4,20,01:32,1,32,08:20,8,20,06:48,6,48,408,3,0,0,06:04:00,6,4,364,44,TRUE
81,2024-03-21,2,1,3,12,5,21,00:55,0,55,07:54,7,54,06:59,6,59,419,2,0,0,06:55:00,6,55,415,4,TRUE
82,2024-03-22,2,1,3,12,6,22,01:10,1,10,08:27,8,27,07:17,7,17,437,4,0,0,07:04:00,7,4,424,13,TRUE
83,2024-03-23,2,1,3,12,7,23,23:35,23,35,08:45,8,45,09:10,9,10,550,7,0,0,08:51:00,8,51,531,19,FALSE
84,2024-03-24,2,1,3,13,1,24,00:23,0,23,08:22,8,22,07:59,7,59,479,3,0,0,07:47:00,7,47,467,12,TRUE
85,2024-03-25,2,1,3,13,2,25,02:00,2,0,08:54,8,54,06:54,6,54,414,4,0,0,06:38:00,6,38,398,16,TRUE
86,2024-03-26,2,1,3,13,3,26,00:14,0,14,05:58,5,58,05:44,5,44,344,3,0,0,05:18:00,5,18,318,26,TRUE
87,2024-03-27,2,1,3,13,4,27,00:49,0,49,07:39,7,39,06:50,6,50,410,5,0,0,06:44:00,6,44,404,6,TRUE
88,2024-03-28,2,1,3,13,5,28,01:21,1,21,07:27,7,27,06:06,6,6,366,1,0,0,06:03:00,6,3,363,3,TRUE
89,2024-03-29,2,1,3,13,6,29,00:29,0,29,08:36,8,36,08:07,8,7,487,4,0,0,08:01:00,8,1,481,6,TRUE
90,2024-03-30,2,1,3,13,7,30,23:57,23,57,08:52,8,52,08:55,8,55,535,4,0,0,08:43:00,8,43,523,12,FALSE
91,2024-03-31,2,1,3,14,1,31,00:36,0,36,09:02,9,2,08:26,8,26,506,2,0,0,07:10:00,7,10,430,76,TRUE
92,2024-04-01,2,2,4,14,2,1,00:43,0,43,09:56,9,56,09:13,9,13,553,3,0,0,09:05:00,9,5,545,8,TRUE
93,2024-04-02,2,2,4,14,3,2,22:55,22,55,06:31,6,31,07:36,7,36,456,6,0,0,06:49:00,6,49,409,47,FALSE
94,2024-04-03,2,2,4,14,4,3,23:28,23,28,05:55,5,55,06:27,6,27,387,2,0,0,06:21:00,6,21,381,6,FALSE
95,2024-04-04,2,2,4,14,5,4,00:22,0,22,07:47,7,47,07:25,7,25,445,4,1,31,07:45:00,7,45,465,11,TRUE
96,2024-04-05,2,2,4,14,6,5,00:49,0,49,09:11,9,11,08:22,8,22,502,5,0,0,07:56:00,7,56,476,26,TRUE
97,2024-04-06,2,2,4,14,7,6,01:56,1,56,08:13,8,13,06:17,6,17,377,2,0,0,06:11:00,6,11,371,6,TRUE
98,2024-04-07,2,2,4,15,1,7,23:51,23,51,07:26,7,26,07:35,7,35,455,5,1,38,07:54:00,7,54,474,19,FALSE
99,2024-04-08,2,2,4,15,2,8,23:19,23,19,07:46,7,46,08:27,8,27,507,2,0,0,08:21:00,8,21,501,6,FALSE
100,2024-04-09,2,2,4,15,3,9,01:27,1,27,07:52,7,52,06:25,6,25,385,2,0,0,06:21:00,6,21,381,4,TRUE
101,2024-04-10,2,2,4,15,4,10,23:52,23,52,07:28,7,28,07:36,7,36,456,3,0,0,07:20:00,7,20,440,16,FALSE
102,2024-04-11,2,2,4,15,5,11,23:47,23,47,09:25,9,25,09:38,9,38,578,9,0,0,07:40:00,7,40,460,118,FALSE
103,2024-04-12,2,2,4,15,6,12,01:22,1,22,08:25,8,25,07:03,7,3,423,4,0,0,06:48:00,6,48,408,15,TRUE
104,2024-04-13,2,2,4,15,7,13,00:10,0,10,08:59,8,59,08:49,8,49,529,3,0,0,07:57:00,7,57,477,52,TRUE
105,2024-04-14,2,2,4,16,1,14,00:07,0,7,06:45,6,45,06:38,6,38,398,2,0,0,06:34:00,6,34,394,4,TRUE
106,2024-04-15,2,2,4,16,2,15,00:39,0,39,07:43,7,43,07:04,7,4,424,4,1,16,06:48:00,6,48,408,32,TRUE
107,2024-04-16,2,2,4,16,3,16,01:15,1,15,08:07,8,7,06:52,6,52,412,5,0,0,06:27:00,6,27,387,25,TRUE
108,2024-04-17,2,2,4,16,4,17,00:12,0,12,07:04,7,4,06:52,6,52,412,2,0,0,06:45:00,6,45,405,7,TRUE
109,2024-04-18,2,2,4,16,5,18,23:07,23,7,07:57,7,57,08:50,8,50,530,6,0,0,08:07:00,8,7,487,43,FALSE
110,2024-04-19,2,2,4,16,6,19,00:55,0,55,07:51,7,51,06:56,6,56,416,3,0,0,06:45:00,6,45,405,11,TRUE
111,2024-04-20,2,2,4,16,7,20,02:13,2,13,06:12,6,12,03:59,3,59,239,1,1,19,04:17:00,4,17,257,1,TRUE
112,2024-04-21,2,2,4,17,1,21,00:27,0,27,08:14,8,14,07:47,7,47,467,4,0,0,07:34:00,7,34,454,13,TRUE
113,2024-04-22,2,2,4,17,2,22,00:30,0,30,08:21,8,21,07:51,7,51,471,1,0,0,07:49:00,7,49,469,2,TRUE
114,2024-04-23,2,2,4,17,3,23,01:11,1,11,08:21,8,21,07:10,7,10,430,3,0,0,05:06:00,5,6,306,124,TRUE
115,2024-04-24,2,2,4,17,4,24,00:43,0,43,07:59,7,59,07:16,7,16,436,6,0,0,06:55:00,6,55,415,21,TRUE
116,2024-04-25,2,2,4,17,5,25,23:33,23,33,07:18,7,18,07:45,7,45,465,4,0,0,07:24:00,7,24,444,21,FALSE
117,2024-04-26,2,2,4,17,6,26,00:20,0,20,07:33,7,33,07:13,7,13,433,4,0,0,07:07:00,7,7,427,6,TRUE
118,2024-04-27,2,2,4,17,7,27,23:59,23,59,08:19,8,19,08:20,8,20,500,2,0,0,08:11:00,8,11,491,9,FALSE
119,2024-04-28,2,2,4,18,1,28,00:00,0,0,09:15,9,15,09:15,9,15,555,4,0,0,08:55:00,8,55,535,20,TRUE
120,2024-04-29,2,2,4,18,2,29,00:00,0,0,06:15,6,15,06:15,6,15,375,5,0,0,06:06:00,6,6,366,9,TRUE
121,2024-04-30,2,2,4,18,3,30,00:15,0,15,07:36,7,36,07:21,7,21,441,3,0,0,06:55:00,6,55,415,26,TRUE
122,2024-05-01,2,2,5,18,4,1,01:01,1,1,09:28,9,28,08:27,8,27,507,4,1,65,09:24:00,9,24,564,8,TRUE
123,2024-05-02,2,2,5,18,5,2,23:38,23,38,08:40,8,40,09:02,9,2,542,4,0,0,08:49:00,8,49,529,13,FALSE
124,2024-05-03,2,2,5,18,6,3,23:30,23,30,07:00,7,0,07:30,7,30,450,5,0,0,07:21:00,7,21,441,9,FALSE
125,2024-05-04,2,2,5,18,7,4,03:38,3,38,07:35,7,35,03:57,3,57,237,4,0,0,03:30:00,3,30,210,27,TRUE
126,2024-05-05,2,2,5,19,1,5,00:24,0,24,07:43,7,43,07:19,7,19,439,3,0,0,07:10:00,7,10,430,9,TRUE
127,2024-05-06,2,2,5,19,2,6,23:22,23,22,03:44,3,44,04:22,4,22,262,2,0,0,04:18:00,4,18,258,4,FALSE
128,2024-05-07,2,2,5,19,3,7,23:34,23,34,06:26,6,26,06:52,6,52,412,3,0,0,06:17:00,6,17,377,35,FALSE
129,2024-05-08,2,2,5,19,4,8,00:19,0,19,08:21,8,21,08:02,8,2,482,2,0,0,07:14:00,7,14,434,48,TRUE
130,2024-05-09,2,2,5,19,5,9,22:54,22,54,05:52,5,52,06:58,6,58,418,4,0,0,06:42:00,6,42,402,16,FALSE
131,2024-05-10,2,2,5,19,6,10,00:13,0,13,06:29,6,29,06:16,6,16,376,4,0,0,06:10:00,6,10,370,6,TRUE
132,2024-05-11,2,2,5,19,7,11,00:20,0,20,06:21,6,21,06:01,6,1,361,2,0,0,05:46:00,5,46,346,15,TRUE
133,2024-05-12,2,2,5,20,1,12,01:34,1,34,08:39,8,39,07:05,7,5,425,3,0,0,06:55:00,6,55,415,10,TRUE
134,2024-05-13,2,2,5,20,2,13,01:27,1,27,07:25,7,25,05:58,5,58,358,0,0,0,05:58:00,5,58,358,0,TRUE
135,2024-05-14,2,2,5,20,3,14,23:15,23,15,06:53,6,53,07:38,7,38,458,4,0,0,07:31:00,7,31,451,7,FALSE
136,2024-05-15,2,2,5,20,4,15,00:56,0,56,07:12,7,12,06:16,6,16,376,3,0,0,06:09:00,6,9,369,7,TRUE
137,2024-05-16,2,2,5,20,5,16,23:46,23,46,06:30,6,30,06:44,6,44,404,2,0,0,06:29:00,6,29,389,15,FALSE
138,2024-05-17,2,2,5,20,6,17,23:42,23,42,06:48,6,48,07:06,7,6,426,3,0,0,06:57:00,6,57,417,9,FALSE
139,2024-05-18,2,2,5,20,7,18,00:26,0,26,06:06,6,6,05:40,5,40,340,0,0,0,05:40:00,5,40,340,0,TRUE
140,2024-05-19,2,2,5,21,1,19,23:29,23,29,06:40,6,40,07:11,7,11,431,3,0,0,07:05:00,7,5,425,6,FALSE
141,2024-05-20,2,2,5,21,2,20,23:29,23,29,06:13,6,13,06:44,6,44,404,2,0,0,06:42:00,6,42,402,2,FALSE
142,2024-05-21,2,2,5,21,3,21,01:18,1,18,06:48,6,48,05:30,5,30,330,3,0,0,05:24:00,5,24,324,6,TRUE
143,2024-05-22,2,2,5,21,4,22,23:36,23,36,06:21,6,21,06:45,6,45,405,5,0,0,06:33:00,6,33,393,12,FALSE
144,2024-05-23,2,2,5,21,5,23,23:05,23,5,05:28,5,28,06:23,6,23,383,2,0,0,05:39:00,5,39,339,44,FALSE
145,2024-05-24,2,2,5,21,6,24,22:37,22,37,06:27,6,27,07:50,7,50,470,5,0,0,07:44:00,7,44,464,6,FALSE
146,2024-05-25,2,2,5,21,7,25,23:10,23,10,07:21,7,21,08:11,8,11,491,3,0,0,07:16:00,7,16,436,55,FALSE
147,2024-05-26,2,2,5,22,1,26,23:49,23,49,06:16,6,16,06:27,6,27,387,2,0,0,06:23:00,6,23,383,4,FALSE
148,2024-05-27,2,2,5,22,2,27,00:27,0,27,07:24,7,24,06:57,6,57,417,4,0,0,06:20:00,6,20,380,37,TRUE
149,2024-05-28,2,2,5,22,3,28,00:29,0,29,05:47,5,47,05:18,5,18,318,1,0,0,05:16:00,5,16,316,2,TRUE
150,2024-05-29,2,2,5,22,4,29,00:08,0,8,07:19,7,19,07:11,7,11,431,2,0,0,07:06:00,7,6,426,5,TRUE
151,2024-05-30,2,2,5,22,5,30,23:37,23,37,09:46,9,46,10:09,10,9,609,4,0,0,10:03:00,10,3,603,6,FALSE
152,2024-05-31,2,2,5,22,6,31,00:16,0,16,07:01,7,1,06:45,6,45,405,3,0,0,06:26:00,6,26,386,19,TRUE
153,2024-06-01,3,2,6,22,7,1,23:17,23,17,07:49,7,49,08:32,8,32,512,3,0,0,08:07:00,8,7,487,25,FALSE
154,2024-06-02,3,2,6,23,1,2,23:57,23,57,07:41,7,41,07:44,7,44,464,4,0,0,07:25:00,7,25,445,19,FALSE
155,2024-06-03,3,2,6,23,2,3,04:43,4,43,06:33,6,33,01:50,1,50,110,1,0,0,01:48:00,1,48,108,2,TRUE
156,2024-06-04,3,2,6,23,3,4,04:27,4,27,07:03,7,3,02:36,2,36,156,3,0,0,02:30:00,2,30,150,6,TRUE
157,2024-06-05,3,2,6,23,4,5,01:58,1,58,06:43,6,43,04:45,4,45,285,2,0,0,04:43:00,4,43,283,2,TRUE
158,2024-06-06,3,2,6,23,5,6,23:03,23,3,07:13,7,13,08:10,8,10,490,2,0,0,07:47:00,7,47,467,23,FALSE
159,2024-06-07,3,2,6,23,6,7,00:05,0,5,07:42,7,42,07:37,7,37,457,4,0,0,07:26:00,7,26,446,11,TRUE
160,2024-06-08,3,2,6,23,7,8,00:18,0,18,07:29,7,29,07:11,7,11,431,3,0,0,07:04:00,7,4,424,7,TRUE
161,2024-06-09,3,2,6,24,1,9,23:45,23,45,07:11,7,11,07:26,7,26,446,4,0,0,06:58:00,6,58,418,28,FALSE
162,2024-06-10,3,2,6,24,2,10,22:57,22,57,07:49,7,49,08:52,8,52,532,6,0,0,08:23:00,8,23,503,29,FALSE
163,2024-06-11,3,2,6,24,3,11,00:23,0,23,04:24,4,24,04:01,4,1,241,3,0,0,03:55:00,3,55,235,6,TRUE
164,2024-06-12,3,2,6,24,4,12,00:35,0,35,06:58,6,58,06:23,6,23,383,3,0,0,06:16:00,6,16,376,7,TRUE
165,2024-06-13,3,2,6,24,5,13,NA,NA,NA,NA,NA,NA,NA,NA,NA,NA,NA,NA,NA,NA,NA,NA,NA,NA,NA
166,2024-06-14,3,2,6,24,6,14,23:14,23,14,05:31,5,31,06:17,6,17,377,3,0,0,06:09:00,6,9,369,8,FALSE
167,2024-06-15,3,2,6,24,7,15,23:20,23,20,07:23,7,23,08:03,8,3,483,3,0,0,07:58:00,7,58,478,5,FALSE
168,2024-06-16,3,2,6,25,1,16,23:29,23,29,07:38,7,38,08:09,8,9,489,6,0,0,07:55:00,7,55,475,14,FALSE
169,2024-06-17,3,2,6,25,2,17,22:45,22,45,04:45,4,45,06:00,6,0,360,3,0,0,05:53:00,5,53,353,7,FALSE
170,2024-06-18,3,2,6,25,3,18,02:05,2,5,07:31,7,31,05:26,5,26,326,0,0,0,05:26:00,5,26,326,0,TRUE
171,2024-06-19,3,2,6,25,4,19,NA,NA,NA,NA,NA,NA,NA,NA,NA,NA,NA,NA,NA,NA,NA,NA,NA,NA,NA
172,2024-06-20,3,2,6,25,5,20,02:25,2,25,07:45,7,45,05:20,5,20,320,1,0,0,05:15:00,5,15,315,5,TRUE
173,2024-06-21,3,2,6,25,6,21,01:17,1,17,07:44,7,44,06:27,6,27,387,3,0,0,05:54:00,5,54,354,33,TRUE
174,2024-06-22,3,2,6,25,7,22,01:35,1,35,06:58,6,58,05:23,5,23,323,1,0,0,05:20:00,5,20,320,3,TRUE
175,2024-06-23,3,2,6,26,1,23,23:19,23,19,07:17,7,17,07:58,7,58,478,3,0,0,07:31:00,7,31,451,27,FALSE
176,2024-06-24,3,2,6,26,2,24,00:40,0,40,07:42,7,42,07:02,7,2,422,2,0,0,06:56:00,6,56,416,6,TRUE
177,2024-06-25,3,2,6,26,3,25,00:32,0,32,07:57,7,57,07:25,7,25,445,4,0,0,06:53:00,6,53,413,32,TRUE
178,2024-06-26,3,2,6,26,4,26,01:03,1,3,07:16,7,16,06:13,6,13,373,3,0,0,06:08:00,6,8,368,5,TRUE
179,2024-06-27,3,2,6,26,5,27,23:25,23,25,07:20,7,20,07:55,7,55,475,4,0,0,07:29:00,7,29,449,26,FALSE
180,2024-06-28,3,2,6,26,6,28,00:40,0,40,08:00,8,0,07:20,7,20,440,5,0,0,06:55:00,6,55,415,25,TRUE
181,2024-06-29,3,2,6,26,7,29,00:24,0,24,06:54,6,54,06:30,6,30,390,3,0,0,06:19:00,6,19,379,11,TRUE
182,2024-06-30,3,2,6,27,1,30,22:19,22,19,08:33,8,33,10:14,10,14,614,6,0,0,09:44:00,9,44,584,30,FALSE
183,2024-07-01,3,3,7,27,2,1,23:48,23,48,08:08,8,8,08:20,8,20,500,6,2,37,08:17:00,8,17,497,40,FALSE
184,2024-07-02,3,3,7,27,3,2,21:45,21,45,06:11,6,11,08:26,8,26,506,3,0,0,06:35:00,6,35,395,111,FALSE
185,2024-07-03,3,3,7,27,4,3,00:13,0,13,07:34,7,34,07:21,7,21,441,6,0,0,06:19:00,6,19,379,62,TRUE
186,2024-07-04,3,3,7,27,5,4,22:46,22,46,08:06,8,6,09:20,9,20,560,5,0,0,07:48:00,7,48,468,92,FALSE
187,2024-07-05,3,3,7,27,6,5,23:46,23,46,07:24,7,24,07:38,7,38,458,5,0,0,07:19:00,7,19,439,19,FALSE
188,2024-07-06,3,3,7,27,7,6,NA,NA,NA,NA,NA,NA,NA,NA,NA,NA,NA,NA,NA,NA,NA,NA,NA,NA,NA
189,2024-07-07,3,3,7,28,1,7,23:17,23,17,07:30,7,30,08:13,8,13,493,7,0,0,07:36:00,7,36,456,37,FALSE
190,2024-07-08,3,3,7,28,2,8,21:42,21,42,07:26,7,26,09:44,9,44,584,7,0,0,08:30:00,8,30,510,74,FALSE
191,2024-07-09,3,3,7,28,3,9,23:02,23,2,08:12,8,12,09:10,9,10,550,6,0,0,07:34:00,7,34,454,96,FALSE
192,2024-07-10,3,3,7,28,4,10,01:34,1,34,07:49,7,49,06:15,6,15,375,4,0,0,06:00:00,6,0,360,15,TRUE
193,2024-07-11,3,3,7,28,5,11,23:37,23,37,06:46,6,46,07:09,7,9,429,5,0,0,06:57:00,6,57,417,12,FALSE
194,2024-07-12,3,3,7,28,6,12,00:55,0,55,08:11,8,11,07:16,7,16,436,5,0,0,06:27:00,6,27,387,49,TRUE
195,2024-07-13,3,3,7,28,7,13,23:11,23,11,03:54,3,54,04:43,4,43,283,3,0,0,04:33:00,4,33,273,10,FALSE
196,2024-07-14,3,3,7,29,1,14,NA,NA,NA,NA,NA,NA,NA,NA,NA,NA,NA,NA,NA,NA,NA,NA,NA,NA,NA
197,2024-07-15,3,3,7,29,2,15,23:55,23,55,08:17,8,17,08:22,8,22,502,4,0,0,08:08:00,8,8,488,14,FALSE
198,2024-07-16,3,3,7,29,3,16,23:27,23,27,07:50,7,50,08:23,8,23,503,3,0,0,05:45:00,5,45,345,158,FALSE
199,2024-07-17,3,3,7,29,4,17,23:25,23,25,06:31,6,31,07:06,7,6,426,4,0,0,06:52:00,6,52,412,14,FALSE
200,2024-07-18,3,3,7,29,5,18,23:21,23,21,08:03,8,3,08:42,8,42,522,3,0,0,07:49:00,7,49,469,53,FALSE
201,2024-07-19,3,3,7,29,6,19,00:01,0,1,08:19,8,19,08:18,8,18,498,5,0,0,05:57:00,5,57,357,141,TRUE
202,2024-07-20,3,3,7,29,7,20,23:52,23,52,07:31,7,31,07:39,7,39,459,5,0,0,07:11:00,7,11,431,28,FALSE
203,2024-07-21,3,3,7,30,1,21,00:12,0,12,07:32,7,32,07:20,7,20,440,7,0,0,07:04:00,7,4,424,16,TRUE
204,2024-07-22,3,3,7,30,2,22,23:56,23,56,07:44,7,44,07:48,7,48,468,4,0,0,07:17:00,7,17,437,31,FALSE
205,2024-07-23,3,3,7,30,3,23,22:56,22,56,05:27,5,27,06:31,6,31,391,3,0,0,05:52:00,5,52,352,39,FALSE
206,2024-07-24,3,3,7,30,4,24,23:10,23,10,07:48,7,48,08:38,8,38,518,7,0,0,08:17:00,8,17,497,21,FALSE
207,2024-07-25,3,3,7,30,5,25,22:36,22,36,07:36,7,36,09:00,9,0,540,8,0,0,07:58:00,7,58,478,62,FALSE
208,2024-07-26,3,3,7,30,6,26,01:01,1,1,08:30,8,30,07:29,7,29,449,6,0,0,06:05:00,6,5,365,84,TRUE
209,2024-07-27,3,3,7,30,7,27,22:00,22,0,07:46,7,46,09:46,9,46,586,6,0,0,07:48:00,7,48,468,118,FALSE
210,2024-07-28,3,3,7,31,1,28,00:26,0,26,07:38,7,38,07:12,7,12,432,5,0,0,06:19:00,6,19,379,53,TRUE
211,2024-07-29,3,3,7,31,2,29,23:06,23,6,08:02,8,2,08:56,8,56,536,3,0,0,08:00:00,8,0,480,56,FALSE
212,2024-07-30,3,3,7,31,3,30,23:23,23,23,07:39,7,39,08:16,8,16,496,2,0,0,07:58:00,7,58,478,18,FALSE
213,2024-07-31,3,3,7,31,4,31,NA,NA,NA,NA,NA,NA,NA,NA,NA,NA,NA,NA,NA,NA,NA,NA,NA,NA,NA
214,2024-08-01,3,3,8,31,5,1,22:40,22,40,06:24,6,24,07:44,7,44,464,3,0,0,07:23:00,7,23,443,21,FALSE
215,2024-08-02,3,3,8,31,6,2,23:52,23,52,05:40,5,40,05:48,5,48,348,4,0,0,05:16:00,5,16,316,32,FALSE
216,2024-08-03,3,3,8,31,7,3,00:33,0,33,06:37,6,37,06:04,6,4,364,1,0,0,06:00:00,6,0,360,4,TRUE
217,2024-08-04,3,3,8,32,1,4,NA,NA,NA,NA,NA,NA,NA,NA,NA,NA,NA,NA,NA,NA,NA,NA,NA,NA,NA
218,2024-08-05,3,3,8,32,2,5,23:17,23,17,07:15,7,15,07:58,7,58,478,4,0,0,04:19:00,4,19,259,219,FALSE
219,2024-08-06,3,3,8,32,3,6,22:45,22,45,06:51,6,51,08:06,8,6,486,2,0,0,08:02:00,8,2,482,4,FALSE
220,2024-08-07,3,3,8,32,4,7,23:44,23,44,08:07,8,7,08:23,8,23,503,4,0,0,07:34:00,7,34,454,49,FALSE
221,2024-08-08,3,3,8,32,5,8,23:02,23,2,07:24,7,24,08:22,8,22,502,4,0,0,07:59:00,7,59,479,23,FALSE
222,2024-08-09,3,3,8,32,6,9,22:51,22,51,08:25,8,25,09:34,9,34,574,4,0,0,09:21:00,9,21,561,13,FALSE
223,2024-08-10,3,3,8,32,7,10,23:20,23,20,07:53,7,53,08:33,8,33,513,2,0,0,08:21:00,8,21,501,12,FALSE
224,2024-08-11,3,3,8,33,1,11,23:37,23,37,08:17,8,17,08:40,8,40,520,2,0,0,08:36:00,8,36,516,4,FALSE
225,2024-08-12,3,3,8,33,2,12,22:58,22,58,06:16,6,16,07:18,7,18,438,4,0,0,07:05:00,7,5,425,13,FALSE
226,2024-08-13,3,3,8,33,3,13,01:03,1,3,06:46,6,46,05:43,5,43,343,4,0,0,05:34:00,5,34,334,9,TRUE
227,2024-08-14,3,3,8,33,4,14,23:28,23,28,08:40,8,40,09:12,9,12,552,3,0,0,09:03:00,9,3,543,9,FALSE
228,2024-08-15,3,3,8,33,5,15,23:34,23,34,06:36,6,36,07:02,7,2,422,3,0,0,06:55:00,6,55,415,7,FALSE
229,2024-08-16,3,3,8,33,6,16,23:03,23,3,07:40,7,40,08:37,8,37,517,4,0,0,08:30:00,8,30,510,7,FALSE
230,2024-08-17,3,3,8,33,7,17,01:35,1,35,08:39,8,39,07:04,7,4,424,2,0,0,07:02:00,7,2,422,2,TRUE
231,2024-08-18,3,3,8,34,1,18,23:03,23,3,08:36,8,36,09:33,9,33,573,3,0,0,09:27:00,9,27,567,6,FALSE
232,2024-08-19,3,3,8,34,2,19,23:30,23,30,06:44,6,44,07:14,7,14,434,4,0,0,07:03:00,7,3,423,11,FALSE
233,2024-08-20,3,3,8,34,3,20,23:21,23,21,06:59,6,59,07:38,7,38,458,4,2,46,08:05:00,8,5,485,19,FALSE
234,2024-08-21,3,3,8,34,4,21,22:59,22,59,07:43,7,43,08:44,8,44,524,3,0,0,08:30:00,8,30,510,14,FALSE
235,2024-08-22,3,3,8,34,5,22,22:52,22,52,06:25,6,25,07:33,7,33,453,1,0,0,07:17:00,7,17,437,16,FALSE
236,2024-08-23,3,3,8,34,6,23,23:24,23,24,06:35,6,35,07:11,7,11,431,0,0,0,07:11:00,7,11,431,0,FALSE
237,2024-08-24,3,3,8,34,7,24,23:07,23,7,07:47,7,47,08:40,8,40,520,5,0,0,08:24:00,8,24,504,16,FALSE
238,2024-08-25,3,3,8,35,1,25,NA,NA,NA,NA,NA,NA,NA,NA,NA,NA,NA,NA,NA,NA,NA,NA,NA,NA,NA
239,2024-08-26,3,3,8,35,2,26,NA,NA,NA,NA,NA,NA,NA,NA,NA,NA,NA,NA,NA,NA,NA,NA,NA,NA,NA
240,2024-08-27,3,3,8,35,3,27,NA,NA,NA,NA,NA,NA,NA,NA,NA,NA,NA,NA,NA,NA,NA,NA,NA,NA,NA
241,2024-08-28,3,3,8,35,4,28,NA,NA,NA,NA,NA,NA,NA,NA,NA,NA,NA,NA,NA,NA,NA,NA,NA,NA,NA
242,2024-08-29,3,3,8,35,5,29,23:14,23,14,07:35,7,35,08:21,8,21,501,5,0,0,07:47:00,7,47,467,34,FALSE
243,2024-08-30,3,3,8,35,6,30,NA,NA,NA,NA,NA,NA,NA,NA,NA,NA,NA,NA,NA,NA,NA,NA,NA,NA,NA
244,2024-08-31,3,3,8,35,7,31,00:39,0,39,06:21,6,21,05:42,5,42,342,4,0,0,05:34:00,5,34,334,8,TRUE
245,2024-09-01,4,3,9,36,1,1,23:39,23,39,08:03,8,3,08:24,8,24,504,5,0,0,08:14:00,8,14,494,10,FALSE
246,2024-09-02,4,3,9,36,2,2,22:26,22,26,06:43,6,43,08:17,8,17,497,1,0,0,08:01:00,8,1,481,16,FALSE
247,2024-09-03,4,3,9,36,3,3,22:22,22,22,06:33,6,33,08:11,8,11,491,3,0,0,07:57:00,7,57,477,14,FALSE
248,2024-09-04,4,3,9,36,4,4,23:52,23,52,08:01,8,1,08:09,8,9,489,4,0,0,07:48:00,7,48,468,21,FALSE
249,2024-09-05,4,3,9,36,5,5,22:50,22,50,08:10,8,10,09:20,9,20,560,6,0,0,08:28:00,8,28,508,52,FALSE
250,2024-09-06,4,3,9,36,6,6,00:13,0,13,06:54,6,54,06:41,6,41,401,2,0,0,06:36:00,6,36,396,5,TRUE
251,2024-09-07,4,3,9,36,7,7,22:52,22,52,05:11,5,11,06:19,6,19,379,3,0,0,06:11:00,6,11,371,8,FALSE
252,2024-09-08,4,3,9,37,1,8,23:14,23,14,07:48,7,48,08:34,8,34,514,5,0,0,06:43:00,6,43,403,111,FALSE
253,2024-09-09,4,3,9,37,2,9,23:17,23,17,07:57,7,57,08:40,8,40,520,6,0,0,08:21:00,8,21,501,19,FALSE
254,2024-09-10,4,3,9,37,3,10,23:05,23,5,05:24,5,24,06:19,6,19,379,3,0,0,06:13:00,6,13,373,6,FALSE
255,2024-09-11,4,3,9,37,4,11,NA,NA,NA,NA,NA,NA,NA,NA,NA,NA,NA,NA,NA,NA,NA,NA,NA,NA,NA
256,2024-09-12,4,3,9,37,5,12,22:30,22,30,05:25,5,25,06:55,6,55,415,3,0,0,06:28:00,6,28,388,27,FALSE
257,2024-09-13,4,3,9,37,6,13,21:41,21,41,06:59,6,59,09:18,9,18,558,5,0,0,07:11:00,7,11,431,127,FALSE
258,2024-09-14,4,3,9,37,7,14,21:46,21,46,05:03,5,3,07:17,7,17,437,6,0,0,06:48:00,6,48,408,29,FALSE
259,2024-09-15,4,3,9,38,1,15,22:50,22,50,07:22,7,22,08:32,8,32,512,3,0,0,08:22:00,8,22,502,10,FALSE
260,2024-09-16,4,3,9,38,2,16,22:53,22,53,05:06,5,6,06:13,6,13,373,5,0,0,05:56:00,5,56,356,17,FALSE
261,2024-09-17,4,3,9,38,3,17,22:21,22,21,04:38,4,38,06:17,6,17,377,6,0,0,05:58:00,5,58,358,19,FALSE
262,2024-09-18,4,3,9,38,4,18,21:17,21,17,07:26,7,26,10:09,10,9,609,8,0,0,08:44:00,8,44,524,85,FALSE
263,2024-09-19,4,3,9,38,5,19,22:25,22,25,07:19,7,19,08:54,8,54,534,6,0,0,07:25:00,7,25,445,89,FALSE
264,2024-09-20,4,3,9,38,6,20,22:17,22,17,06:31,6,31,08:14,8,14,494,7,0,0,07:00:00,7,0,420,74,FALSE
265,2024-09-21,4,3,9,38,7,21,22:27,22,27,08:22,8,22,09:55,9,55,595,6,0,0,07:39:00,7,39,459,136,FALSE
266,2024-09-22,4,3,9,39,1,22,21:52,21,52,08:09,8,9,10:17,10,17,617,6,0,0,08:16:00,8,16,496,121,FALSE
267,2024-09-23,4,3,9,39,2,23,23:15,23,15,05:42,5,42,06:27,6,27,387,5,0,0,05:52:00,5,52,352,35,FALSE
268,2024-09-24,4,3,9,39,3,24,22:22,22,22,05:13,5,13,06:51,6,51,411,8,0,0,06:04:00,6,4,364,47,FALSE
269,2024-09-25,4,3,9,39,4,25,00:56,0,56,06:17,6,17,05:21,5,21,321,6,0,0,04:40:00,4,40,280,41,TRUE
270,2024-09-26,4,3,9,39,5,26,22:43,22,43,04:52,4,52,06:09,6,9,369,5,0,0,05:34:00,5,34,334,35,FALSE
271,2024-09-27,4,3,9,39,6,27,20:58,20,58,03:34,3,34,06:36,6,36,396,5,0,0,05:23:00,5,23,323,73,FALSE
272,2024-09-28,4,3,9,39,7,28,21:20,21,20,05:55,5,55,08:35,8,35,515,5,0,0,05:48:00,5,48,348,167,FALSE
273,2024-09-29,4,3,9,40,1,29,23:47,23,47,07:26,7,26,07:39,7,39,459,5,0,0,06:22:00,6,22,382,77,FALSE
274,2024-09-30,4,3,9,40,2,30,23:46,23,46,06:01,6,1,06:15,6,15,375,4,0,0,05:52:00,5,52,352,23,FALSE
275,2024-10-01,4,4,10,40,3,1,22:31,22,31,05:09,5,9,06:38,6,38,398,4,0,0,04:41:00,4,41,281,117,FALSE
276,2024-10-02,4,4,10,40,4,2,22:22,22,22,06:02,6,2,07:40,7,40,460,4,0,0,04:17:00,4,17,257,203,FALSE
277,2024-10-03,4,4,10,40,5,3,22:44,22,44,08:29,8,29,09:45,9,45,585,9,2,75,08:41:00,8,41,521,139,FALSE
278,2024-10-04,4,4,10,40,6,4,22:53,22,53,05:51,5,51,06:58,6,58,418,6,0,0,06:30:00,6,30,390,28,FALSE
279,2024-10-05,4,4,10,40,7,5,22:18,22,18,06:48,6,48,08:30,8,30,510,7,0,0,06:08:00,6,8,368,142,FALSE
280,2024-10-06,4,4,10,41,1,6,23:24,23,24,06:01,6,1,06:37,6,37,397,8,0,0,05:58:00,5,58,358,39,FALSE
281,2024-10-07,4,4,10,41,2,7,00:31,0,31,06:02,6,2,05:31,5,31,331,3,0,0,05:21:00,5,21,321,10,TRUE
282,2024-10-08,4,4,10,41,3,8,22:45,22,45,06:26,6,26,07:41,7,41,461,7,0,0,06:45:00,6,45,405,56,FALSE
283,2024-10-09,4,4,10,41,4,9,22:57,22,57,06:17,6,17,07:20,7,20,440,6,0,0,06:32:00,6,32,392,48,FALSE
284,2024-10-10,4,4,10,41,5,10,23:10,23,10,04:44,4,44,05:34,5,34,334,8,1,24,04:46:00,4,46,286,72,FALSE
285,2024-10-11,4,4,10,41,6,11,23:27,23,27,05:02,5,2,05:35,5,35,335,4,0,0,04:43:00,4,43,283,52,FALSE
286,2024-10-12,4,4,10,41,7,12,22:48,22,48,07:35,7,35,08:47,8,47,527,7,0,0,07:13:00,7,13,433,94,FALSE
287,2024-10-13,4,4,10,42,1,13,23:14,23,14,06:51,6,51,07:37,7,37,457,6,0,0,05:56:00,5,56,356,101,FALSE
288,2024-10-14,4,4,10,42,2,14,00:28,0,28,05:33,5,33,05:05,5,5,305,2,0,0,04:59:00,4,59,299,6,TRUE
289,2024-10-15,4,4,10,42,3,15,00:10,0,10,05:28,5,28,05:18,5,18,318,3,0,0,05:03:00,5,3,303,15,TRUE
290,2024-10-16,4,4,10,42,4,16,23:53,23,53,06:22,6,22,06:29,6,29,389,4,0,0,06:00:00,6,0,360,29,FALSE
291,2024-10-17,4,4,10,42,5,17,22:47,22,47,08:31,8,31,09:44,9,44,584,7,0,0,07:30:00,7,30,450,134,FALSE
292,2024-10-18,4,4,10,42,6,18,21:56,21,56,06:29,6,29,08:33,8,33,513,10,0,0,07:41:00,7,41,461,52,FALSE
293,2024-10-19,4,4,10,42,7,19,23:14,23,14,07:23,7,23,08:09,8,9,489,3,0,0,06:06:00,6,6,366,123,FALSE
294,2024-10-20,4,4,10,43,1,20,22:12,22,12,04:51,4,51,06:39,6,39,399,6,0,0,06:27:00,6,27,387,12,FALSE
295,2024-10-21,4,4,10,43,2,21,23:58,23,58,05:07,5,7,05:09,5,9,309,4,0,0,04:39:00,4,39,279,30,FALSE
296,2024-10-22,4,4,10,43,3,22,22:43,22,43,07:11,7,11,08:28,8,28,508,5,0,0,06:28:00,6,28,388,120,FALSE
297,2024-10-23,4,4,10,43,4,23,21:21,21,21,04:41,4,41,07:20,7,20,440,6,1,54,07:33:00,7,33,453,41,FALSE
298,2024-10-24,4,4,10,43,5,24,23:16,23,16,06:29,6,29,07:13,7,13,433,5,2,45,06:00:00,6,0,360,118,FALSE
299,2024-10-25,4,4,10,43,6,25,22:08,22,8,04:34,4,34,06:26,6,26,386,5,0,0,06:08:00,6,8,368,18,FALSE
300,2024-10-26,4,4,10,43,7,26,22:58,22,58,06:51,6,51,07:53,7,53,473,9,0,0,06:59:00,6,59,419,54,FALSE
301,2024-10-27,4,4,10,44,1,27,23:21,23,21,08:16,8,16,08:55,8,55,535,10,0,0,08:14:00,8,14,494,41,FALSE
302,2024-10-28,4,4,10,44,2,28,22:28,22,28,04:57,4,57,06:29,6,29,389,3,0,0,06:13:00,6,13,373,16,FALSE
303,2024-10-29,4,4,10,44,3,29,22:46,22,46,06:58,6,58,08:12,8,12,492,9,0,0,06:03:00,6,3,363,129,FALSE
304,2024-10-30,4,4,10,44,4,30,22:04,22,4,06:12,6,12,08:08,8,8,488,9,0,0,07:32:00,7,32,452,36,FALSE
305,2024-10-31,4,4,10,44,5,31,23:16,23,16,06:24,6,24,07:08,7,8,428,5,0,0,06:42:00,6,42,402,26,FALSE
306,2024-11-01,4,4,11,44,6,1,22:16,22,16,06:58,6,58,08:42,8,42,522,6,3,67,09:08:00,9,8,548,41,FALSE
307,2024-11-02,4,4,11,44,7,2,22:44,22,44,07:03,7,3,08:19,8,19,499,9,0,0,07:40:00,7,40,460,39,FALSE
308,2024-11-03,4,4,11,45,1,3,21:47,21,47,07:30,7,30,09:43,9,43,583,8,0,0,08:51:00,8,51,531,52,FALSE
309,2024-11-04,4,4,11,45,2,4,21:24,21,24,05:47,5,47,08:23,8,23,503,6,0,0,07:15:00,7,15,435,68,FALSE
310,2024-11-05,4,4,11,45,3,5,22:35,22,35,03:54,3,54,05:19,5,19,319,3,0,0,04:43:00,4,43,283,36,FALSE
311,2024-11-06,4,4,11,45,4,6,23:05,23,5,08:41,8,41,09:36,9,36,576,9,0,0,08:27:00,8,27,507,69,FALSE
312,2024-11-07,4,4,11,45,5,7,23:51,23,51,06:27,6,27,06:36,6,36,396,5,1,38,05:50:00,5,50,350,84,FALSE
313,2024-11-08,4,4,11,45,6,8,23:10,23,10,06:33,6,33,07:23,7,23,443,4,0,0,06:08:00,6,8,368,75,FALSE
314,2024-11-09,4,4,11,45,7,9,23:28,23,28,08:24,8,24,08:56,8,56,536,10,0,0,08:05:00,8,5,485,51,FALSE
315,2024-11-10,4,4,11,46,1,10,23:40,23,40,07:29,7,29,07:49,7,49,469,5,0,0,07:25:00,7,25,445,24,FALSE
316,2024-11-11,4,4,11,46,2,11,00:34,0,34,08:17,8,17,07:43,7,43,463,7,0,0,05:55:00,5,55,355,108,TRUE
317,2024-11-12,4,4,11,46,3,12,00:11,0,11,05:48,5,48,05:37,5,37,337,4,0,0,05:14:00,5,14,314,23,TRUE
318,2024-11-13,4,4,11,46,4,13,22:36,22,36,07:17,7,17,08:41,8,41,521,6,0,0,05:23:00,5,23,323,198,FALSE
319,2024-11-14,4,4,11,46,5,14,00:10,0,10,07:37,7,37,07:27,7,27,447,5,0,0,06:21:00,6,21,381,66,TRUE
320,2024-11-15,4,4,11,46,6,15,01:26,1,26,06:28,6,28,05:02,5,2,302,4,2,95,06:28:00,6,28,388,9,TRUE
321,2024-11-16,4,4,11,46,7,16,23:31,23,31,07:55,7,55,08:24,8,24,504,6,0,0,07:40:00,7,40,460,44,FALSE
322,2024-11-17,4,4,11,47,1,17,23:39,23,39,08:22,8,22,08:43,8,43,523,7,0,0,07:56:00,7,56,476,47,FALSE
323,2024-11-18,4,4,11,47,2,18,22:47,22,47,08:14,8,14,09:27,9,27,567,11,0,0,08:46:00,8,46,526,41,FALSE
324,2024-11-19,4,4,11,47,3,19,00:24,0,24,06:47,6,47,06:23,6,23,383,6,0,0,05:46:00,5,46,346,37,TRUE
325,2024-11-20,4,4,11,47,4,20,00:33,0,33,08:39,8,39,08:06,8,6,486,7,0,0,07:18:00,7,18,438,48,TRUE
326,2024-11-21,4,4,11,47,5,21,00:04,0,4,06:26,6,26,06:22,6,22,382,6,0,0,05:55:00,5,55,355,27,TRUE
327,2024-11-22,4,4,11,47,6,22,23:26,23,26,06:26,6,26,07:00,7,0,420,8,0,0,06:32:00,6,32,392,28,FALSE
328,2024-11-23,4,4,11,47,7,23,23:08,23,8,06:40,6,40,07:32,7,32,452,7,0,0,07:19:00,7,19,439,13,FALSE
329,2024-11-24,4,4,11,48,1,24,22:32,22,32,07:51,7,51,09:19,9,19,559,10,0,0,08:55:00,8,55,535,24,FALSE
330,2024-11-25,4,4,11,48,2,25,23:17,23,17,05:59,5,59,06:42,6,42,402,5,0,0,06:21:00,6,21,381,21,FALSE
331,2024-11-26,4,4,11,48,3,26,22:32,22,32,06:32,6,32,08:00,8,0,480,5,0,0,07:50:00,7,50,470,10,FALSE
332,2024-11-27,4,4,11,48,4,27,22:57,22,57,07:54,7,54,08:57,8,57,537,4,3,92,08:50:00,8,50,530,99,FALSE
333,2024-11-28,4,4,11,48,5,28,23:38,23,38,07:41,7,41,08:03,8,3,483,9,0,0,07:28:00,7,28,448,35,FALSE
334,2024-11-29,4,4,11,48,6,29,23:25,23,25,05:10,5,10,05:45,5,45,345,3,2,91,07:07:00,7,7,427,9,FALSE
335,2024-11-30,4,4,11,48,7,30,00:39,0,39,07:25,7,25,06:46,6,46,406,4,0,0,06:14:00,6,14,374,32,TRUE
336,2024-12-01,1,4,12,49,1,1,23:53,23,53,09:16,9,16,09:23,9,23,563,6,0,0,07:56:00,7,56,476,87,FALSE
337,2024-12-02,1,4,12,49,2,2,00:04,0,4,05:38,5,38,05:34,5,34,334,7,3,149,07:31:00,7,31,451,32,TRUE
338,2024-12-03,1,4,12,49,3,3,00:06,0,6,06:16,6,16,06:10,6,10,370,4,0,0,05:39:00,5,39,339,31,TRUE
339,2024-12-04,1,4,12,49,4,4,00:54,0,54,08:10,8,10,07:16,7,16,436,4,0,0,04:57:00,4,57,297,139,TRUE
340,2024-12-05,1,4,12,49,5,5,22:32,22,32,06:38,6,38,08:06,8,6,486,5,0,0,07:56:00,7,56,476,10,FALSE
341,2024-12-06,1,4,12,49,6,6,23:11,23,11,06:24,6,24,07:13,7,13,433,5,2,70,07:52:00,7,52,472,31,FALSE
342,2024-12-07,1,4,12,49,7,7,23:46,23,46,05:34,5,34,05:48,5,48,348,3,0,0,05:41:00,5,41,341,7,FALSE
343,2024-12-08,1,4,12,50,1,8,23:05,23,5,07:18,7,18,08:13,8,13,493,7,0,0,07:55:00,7,55,475,18,FALSE
344,2024-12-09,1,4,12,50,2,9,23:39,23,39,05:43,5,43,06:04,6,4,364,3,0,0,05:57:00,5,57,357,7,FALSE
345,2024-12-10,1,4,12,50,3,10,23:40,23,40,07:34,7,34,07:54,7,54,474,5,0,0,07:43:00,7,43,463,11,FALSE
346,2024-12-11,1,4,12,50,4,11,23:35,23,35,06:28,6,28,06:53,6,53,413,5,0,0,06:42:00,6,42,402,11,FALSE
347,2024-12-12,1,4,12,50,5,12,23:18,23,18,08:13,8,13,08:55,8,55,535,6,0,0,07:42:00,7,42,462,73,FALSE
348,2024-12-13,1,4,12,50,6,13,23:19,23,19,06:55,6,55,07:36,7,36,456,3,0,0,07:32:00,7,32,452,4,FALSE
349,2024-12-14,1,4,12,50,7,14,23:22,23,22,07:00,7,0,07:38,7,38,458,6,0,0,07:23:00,7,23,443,15,FALSE
350,2024-12-15,1,4,12,51,1,15,23:47,23,47,09:03,9,3,09:16,9,16,556,4,0,0,08:42:00,8,42,522,34,FALSE
351,2024-12-16,1,4,12,51,2,16,23:34,23,34,07:24,7,24,07:50,7,50,470,6,0,0,07:39:00,7,39,459,11,FALSE
352,2024-12-17,1,4,12,51,3,17,00:05,0,5,04:10,4,10,04:05,4,5,245,5,2,170,06:39:00,6,39,399,16,TRUE
353,2024-12-18,1,4,12,51,4,18,21:58,21,58,06:13,6,13,08:15,8,15,495,11,0,0,07:27:00,7,27,447,48,FALSE
354,2024-12-19,1,4,12,51,5,19,01:16,1,16,06:46,6,46,05:30,5,30,330,3,0,0,02:59:00,2,59,179,151,TRUE
355,2024-12-20,1,4,12,51,6,20,22:15,22,15,07:13,7,13,08:58,8,58,538,4,0,0,08:49:00,8,49,529,9,FALSE
356,2024-12-21,1,4,12,51,7,21,23:54,23,54,09:46,9,46,09:52,9,52,592,5,0,0,09:35:00,9,35,575,17,FALSE
357,2024-12-22,1,4,12,52,1,22,23:31,23,31,09:36,9,36,10:05,10,5,605,7,2,77,10:46:00,10,46,646,36,FALSE
358,2024-12-23,1,4,12,52,2,23,00:06,0,6,07:49,7,49,07:43,7,43,463,1,0,0,07:40:00,7,40,460,3,TRUE
359,2024-12-24,1,4,12,52,3,24,23:14,23,14,09:41,9,41,10:27,10,27,627,4,2,80,11:19:00,11,19,679,28,FALSE
360,2024-12-25,1,4,12,52,4,25,00:08,0,8,08:10,8,10,08:02,8,2,482,5,0,0,07:34:00,7,34,454,28,TRUE
361,2024-12-26,1,4,12,52,5,26,00:10,0,10,09:03,9,3,08:53,8,53,533,6,0,0,08:42:00,8,42,522,11,TRUE
362,2024-12-27,1,4,12,52,6,27,NA,NA,NA,NA,NA,NA,NA,NA,NA,NA,NA,NA,NA,NA,NA,NA,NA,NA,NA
363,2024-12-28,1,4,12,52,7,28,22:15,22,15,09:54,9,54,11:39,11,39,699,8,0,0,10:15:00,10,15,615,84,FALSE
364,2024-12-29,1,4,12,53,1,29,00:31,0,31,06:10,6,10,05:39,5,39,339,3,0,0,05:35:00,5,35,335,4,TRUE
365,2024-12-30,1,4,12,53,2,30,23:05,23,5,08:47,8,47,09:42,9,42,582,6,0,0,09:01:00,9,1,541,41,FALSE
366,2024-12-31,1,4,12,53,3,31,23:14,23,14,08:12,8,12,08:58,8,58,538,8,1,22,08:28:00,8,28,508,52,FALSE